time,TCOMP,SK,QTOP,QBOT,H0001,H0002,H0003,H0004,H0005,H0006,H0007,H0008,H0009,H0010,H0011,H0012,H0013,H0014,H0015,H0016,H0017,H0018,H0019,EST,ESM,ESB,PST,PSM,PSB,GS,ES
0.3831380695111,0.2343157493E-01,0.1019965236,-0.3063046733E-01,-0.3052653270E-01,8.060649297,9.792162005,9.977713577,9.997608225,9.999743092,9.999972381,9.999997028,9.999999680,9.999999965,9.999999992,9.999999962,9.999999655,9.999996810,9.999970502,9.999727505,9.997484904,9.976805999,9.786297442,8.033298078,982.4656665,985.7894737,991.9667019,980.5263158,985.7894737,990.0000000,2000.000000,1000.000000
0.7854330424977,0.4353221753E-01,0.1019556276,-0.2505919683E-01,-0.2490573924E-01,6.594525481,9.454193397,9.921323646,9.989308490,9.998600546,9.999821488,9.999977653,9.999997241,9.999999658,9.999999915,9.999999633,9.999997035,9.999976069,9.999809843,9.998519620,9.988787886,9.918341609,9.440244293,6.554141906,983.9317903,985.7894741,993.4458581,982.4656665,985.7894737,991.9667019,2000.000000,1000.000000
1.207842764134,0.6107402818E-01,0.1019200014,-0.2084911552E-01,-0.2067883648E-01,5.486609346,9.042665466,9.826518117,9.971387781,9.995567686,9.999343377,9.999905915,9.999986858,9.999998168,9.999999498,9.999998037,9.999985910,9.999899499,9.999302356,9.995323818,9.970074554,9.820411740,9.020564027,5.441799075,985.0397064,985.7894756,994.5582009,983.9317903,985.7894741,993.4458581,2000.000000,1000.000000
1.651372971851,0.7666359144E-01,0.1018883693,-0.1765882149E-01,-0.1748999810E-01,4.647058288,8.597439819,9.694047237,9.940557604,9.989337105,9.998195616,9.999707919,9.999954319,9.999992899,9.999997864,9.999992411,9.999951143,9.999688781,9.998087825,9.988779820,9.937990679,9.684066045,8.568247224,4.602631080,985.8792575,985.7894813,995.3973689,985.0397064,985.7894756,994.5582009,2000.000000,1000.000000
2.117079689955,0.9077192786E-01,0.1018597542,-0.1522635473E-01,-0.1506811145E-01,4.006935456,8.145504367,9.527789990,9.894315809,9.978416988,9.995883389,9.999255247,9.999870726,9.999977746,9.999992696,9.999976282,9.999862074,9.999208421,9.995648585,9.977347201,9.890029176,9.513536475,8.110746847,3.965292486,986.5193803,985.7894974,996.0347075,985.8792575,985.7894813,995.3973689,2000.000000,1000.000000
2.606071743964,0.1037613395,0.1018334119,-0.1335384146E-01,-0.1320980421E-01,3.514168806,7.704202922,9.333289699,9.831102227,9.961266402,9.991764340,9.998349806,9.999684476,9.999940208,9.999978721,9.999936449,9.999664173,9.998250384,9.991316476,9.959448410,9.824677660,9.314695264,7.665471576,3.476264265,987.0121470,985.7895372,996.5237357,986.5193803,985.7894974,996.0347075,2000.000000,1000.000000
3.119513400673,0.1159085483,0.1018087773,-0.1189384083E-01,-0.1176456049E-01,3.129958112,7.283873756,9.116701001,9.750302273,9.936425231,9.985071286,9.996712664,9.999312119,9.999857254,9.999945212,9.999848700,9.999269626,9.996523137,9.984298358,9.933603732,9.741407277,9.093962234,7.242608706,3.095936971,987.3963577,985.7896250,996.9040630,987.0121470,985.7895372,996.5237357,2000.000000,1000.000000
3.658627140218,0.1274240081,0.1017854223,-0.1073774915E-01,-0.1062223296E-01,2.825723461,6.889939817,8.884080712,9.652148925,9.902623183,9.974949316,9.993978904,9.998629018,9.999689883,9.999872270,9.999672216,9.998547834,9.993647164,9.973716174,9.898542275,9.640558073,8.857582137,6.847335835,2.795324464,987.7005923,985.7898015,997.2046755,987.3963577,985.7896250,996.9040630,2000.000000,1000.000000
4.224696566740,0.1384675884,0.1017630227,-0.9806303777E-02,-0.9702929112E-02,2.580606257,6.524512903,8.640952651,9.537566521,9.858858929,9.960502200,9.989699716,9.997460878,9.999376512,9.999725675,9.999342826,9.997316968,9.989158101,9.958656001,9.853280329,9.523167567,8.611192300,6.481499284,2.553402398,987.9457095,985.7901309,997.4465976,987.7005923,985.7898015,997.2046755,2000.000000,1000.000000
4.819069464588,0.1491610096,0.1017413316,-0.9042038887E-02,-0.8949059371E-02,2.379483918,6.187584954,8.392079671,9.407991074,9.804446286,9.940842420,9.983351939,9.995577241,9.998825462,9.999450282,9.998765437,9.995337698,9.982517560,9.938220045,9.797164674,9.390779026,8.359606303,6.144846088,2.355015624,988.1468319,985.7907082,997.6449844,987.9457095,985.7901309,997.4465976,2000.000000,1000.000000
5.443161007328,0.1595974991,0.1017201604,-0.8403447042E-02,-0.8319243075E-02,2.211433432,5.877882402,8.141383371,9.265192544,9.739029028,9.915139373,9.974354309,9.992687876,9.997907047,9.998962106,9.997806140,9.992310036,9.973130754,9.911575923,9.729883236,9.245255543,8.106748762,5.835896719,2.189274493,988.3148824,985.7916675,997.8107255,988.1468319,985.7907082,997.6449844,2000.000000,1000.000000
6.098457127206,0.1698491516,0.1016993631,-0.7860563283E-02,-0.7783742001E-02,2.068569285,5.593455936,7.891961532,9.111115778,9.662569047,9.882661291,9.962088875,9.988442677,9.996445855,9.998139465,9.996284629,9.987873861,9.960369173,9.877998723,9.651448609,9.088616490,7.855687790,5.552539474,2.048353158,988.4577465,985.7931891,997.9516468,988.3148824,985.7916675,997.8107255,2000.000000,1000.000000
6.786518053077,0.1799724527,0.1016788255,-0.7391692072E-02,-0.7321105491E-02,1.945182124,5.332070181,7.646163768,8.947749293,9.575314360,9.842807705,9.945925475,9.982435278,9.994213912,9.996813774,9.993967616,9.981613293,9.943596090,9.836902778,9.562161617,8.922904928,7.608723680,5.292417231,1.926606708,988.5811337,985.7955061,998.0733933,988.4577465,985.7931891,997.9516468,2000.000000,1000.000000
7.508982025242,0.1900123693,0.1016584563,-0.6981023695E-02,-0.6915747583E-02,1.837111499,5.091447715,7.405696012,8.777025162,9.477753953,9.795130774,9.925246983,9.974210181,9.990925388,9.994760764,9.990563894,9.973064620,9.922192485,9.787861667,9.462562357,8.750088381,7.367503612,5.053165097,1.819933574,988.6892043,985.7989098,998.1800664,988.5811337,985.7955061,998.0733933,2000.000000,1000.000000
8.267569196015,0.2000053492,0.1016381820,-0.6616924214E-02,-0.6556222251E-02,1.741295846,4.869411097,7.171733474,8.600749030,9.370566016,9.739345206,9.899473101,9.963272807,9.986233466,9.991692978,9.985721627,9.961727114,9.895581108,9.730616401,9.353375543,8.571991206,7.133141921,4.832545178,1.725321645,988.7850199,985.8037521,998.2746784,988.6892043,985.7989098,998.1800664,2000.000000,1000.000000
9.064085725327,0.2099815060,0.1016179414,-0.6290723341E-02,-0.6234009544E-02,1.655453511,4.663956483,6.945029117,8.420556649,9.254565042,9.675327577,9.868080816,9.949101619,9.979729801,9.987254426,9.979028275,9.947075779,9.863246823,9.665072860,9.235455699,8.390254200,6.906333321,4.628513393,1.640528827,988.8708623,985.8104454,998.3594712,988.7850199,985.8037521,998.2746784,2000.000000,1000.000000
9.900428081105,0.2199662051,0.1015976832,-0.5995862816E-02,-0.5942668132E-02,1.577858636,4.473283467,6.726010416,8.237892001,9.130651911,9.603106713,9.830620164,9.931161283,9.970946838,9.981018153,9.970013337,9.928574975,9.824751908,9.591290338,9.109736262,8.206315957,6.687452377,4.439243635,1.563860035,988.9484572,985.8194603,998.4361400,988.8708623,985.8104454,998.3594712,2000.000000,1000.000000
10.77858755467,0.2299812164,0.1015773633,-0.5727301196E-02,-0.5677246217E-02,1.507184525,4.295798564,6.514861240,8.054001751,8.999769665,9.522847190,9.786724520,9.908915874,9.959363029,9.972487280,9.958153940,9.905691843,9.779745635,9.509463436,8.977185141,8.021410362,6.476636616,4.263126791,1.494012162,989.0191313,985.8313197,998.5059878,988.9484572,985.8194603,998.4361400,2000.000000,1000.000000
11.70065500192,0.2400455555,0.1015569431,-0.5481098403E-02,-0.5433872166E-02,1.442394317,4.130104043,6.311588359,7.869941111,8.862866393,9.434828181,9.736115268,9.881841230,9.944410769,9.961099792,9.942883025,9.877908647,9.727968049,9.419899600,8.838767973,7.836575065,6.273853266,4.098756287,1.429966359,989.0839215,985.8465907,998.5700336,989.0191313,985.8313197,998.5059878,2000.000000,1000.000000
12.66882582152,0.2501761017,0.1015363884,-0.5254124924E-02,-0.5209468921E-02,1.382664454,3.974979675,6.116073676,7.686586900,8.720865631,9.339419733,9.678601175,9.849435757,9.925486702,9.946237051,9.923599762,9.844733340,9.669248388,9.322994460,8.695419275,7.652666652,6.078951138,3.944907487,1.370912874,989.1436513,985.8658739,998.6290871,989.0839215,985.8465907,998.5700336,2000.000000,1000.000000
13.68540518211,0.2603880582,0.1015156685,-0.5043856862E-02,-0.5001553168E-02,1.327330753,3.829361979,5.928114048,7.504654481,8.574643943,9.237058307,9.614073233,9.811229258,9.901963875,9.927235671,9.899681669,9.805707960,9.603498978,9.219206771,8.548020987,7.470379190,5.891699777,3.800515326,1.316198202,989.1989850,985.8897920,998.6838018,989.1436513,985.8658739,998.6290871,2000.000000,1000.000000
14.75281351073,0.2706952972,0.1014947553,-0.4848229947E-02,-0.4808092440E-02,1.275849986,3.692323574,5.747450821,7.324716103,8.425014868,9.128223028,9.542495978,9.766789637,9.873205133,9.903402155,9.870497825,9.760414744,9.530705690,9.109034370,8.397387465,7.290263715,5.711818214,3.664652585,1.265287484,989.2504658,985.9189759,998.7347125,989.1989850,985.8897920,998.6838018,2000.000000,1000.000000
15.87359225577,0.2811106223,0.1014736227,-0.4665534085E-02,-0.4627401945E-02,1.227772128,3.563053953,5.573791117,7.147218951,8.272718241,9.013413728,9.463896434,9.715727508,9.838577121,9.874029452,9.835422566,9.708480070,9.450916115,8.992992187,8.244255806,7.112747061,5.538995472,3.536509961,1.217737354,989.2985437,985.9540511,998.7822626,989.2504658,985.9189759,998.7347125,2000.000000,1000.000000
17.05040993807,0.2916459705,0.1014522467,-0.4494335943E-02,-0.4458068780E-02,1.182719985,3.440842242,5.406822696,6.972501857,8.118413798,8.893131519,9.378351799,9.657698974,9.797464227,9.838414529,9.793849033,9.649576512,9.364226640,8.871592954,8.089280383,6.938149048,5.372904704,3.415378372,1.173175995,989.3435958,985.9956247,998.8268240,989.2985437,985.9540511,998.7822626,2000.000000,1000.000000
18.28606850449,0.3023125661,0.1014306046,-0.4333421079E-02,-0.4298895240E-02,1.140373968,3.325062032,5.246223893,6.800810113,7.962678112,8.767862302,9.285976924,9.592406892,9.749281895,9.795875977,9.745202044,9.583423410,9.270769450,8.745330990,7.933030556,6.766697547,5.213212510,3.300633503,1.131288221,989.3859418,986.0442716,998.8687118,989.3435958,985.9956247,998.8268240,2000.000000,1000.000000
19.58350999922,0.3131210393,0.1014086750,-0.4181749864E-02,-0.4148855589E-02,1.100460490,3.215158174,5.091669878,6.632308167,7.806004009,8.638063427,9.186912448,9.519601034,9.693488800,9.745770777,9.688949807,9.509786378,9.170700321,8.614669179,7.775990753,6.598541283,5.059584656,3.191722435,1.091804102,989.4258553,986.1005239,998.9081959,989.3859418,986.0442716,998.8687118,2000.000000,1000.000000
20.94582356870,0.3240815137,0.1013864373,-0.4038423282E-02,-0.4007062479E-02,1.062742969,3.110635331,4.942836198,6.467090269,7.648801827,8.504153489,9.081314252,9.439077483,9.629597471,9.687509442,9.624614109,9.428476147,9.064187864,8.480029124,7.618562227,6.433760469,4.911689183,3.088152077,1.054490126,989.4635728,986.1648596,998.9455099,989.4258553,986.1005239,998.9081959,2000.000000,1000.000000
22.37625281664,0.3352036680,0.1013638723,-0.3902655900E-02,-0.3872740375E-02,1.027014710,3.011048044,4.799400386,6.305189259,7.491402041,8.366505164,8.969344672,9.350677606,9.557183094,9.620568971,9.551778746,9.339347082,8.951404626,8.341784325,7.461066060,6.272375511,4.769197647,2.989479172,1.019142204,989.4993011,986.2376949,998.9808578,989.4635728,986.1648596,998.9455099,2000.000000,1000.000000
23.87820352698,0.3464967729,0.1013409613,-0.3773754174E-02,-0.3745204208E-02,0.9930932036,2.915992109,4.661042229,6.146583809,7.334058911,8.225440857,8.851165727,9.254286817,9.475890328,9.544503186,9.470096013,9.242295620,8.832520302,8.200256145,7.303747087,6.114354132,4.631785095,2.895301645,0.9855800547,989.5332226,986.3193777,999.0144199,989.4993011,986.2376949,998.9808578,2000.000000,1000.000000
25.45525177285,0.3579697055,0.1013176866,-0.3651098802E-02,-0.3623841988E-02,0.9608154742,2.825097121,4.527443210,5.991204452,7.176954967,8.081230913,8.726934393,9.149833310,9.385438058,9.458950276,9.379291245,9.137258787,8.707697065,8.055712300,7.146778544,5.959617251,4.499129267,2.805251112,0.9536426285,989.5655003,986.4101824,999.0463574,989.5332226,986.3193777,999.0144199,2000.000000,1000.000000
27.11115243100,0.3696309401,0.1012940313,-0.3534130261E-02,-0.3508100548E-02,0.9300342791,2.738020042,4.398285519,5.838938769,7.020206178,7.934094080,8.596799855,9.037286822,9.285622150,9.363637513,9.279165417,9.024212864,8.577086926,7.908367570,6.990267354,5.808044017,4.370909403,2.718986450,0.9231843547,989.5962815,986.5103083,999.0768156,989.5655003,986.4101824,999.0463574,2000.000000,1000.000000
28.84984812206,0.3814885157,0.1012699795,-0.3422336926E-02,-0.3397473821E-02,0.9006149805,2.654439742,4.273250973,5.689636063,6.863867753,7.784199904,8.460902515,8.916657458,9.176316299,9.258383273,9.169595938,8.903172220,8.440830907,7.758386399,6.834259967,5.659476317,4.246805004,2.636188327,0.8940720581,989.6257008,986.6198777,999.1059279,989.5962815,986.5103083,999.0768156,2000.000000,1000.000000
30.67547859767,0.3935499792,0.1012455164,-0.3315245392E-02,-0.3291493291E-02,0.8724329980,2.574052475,4.152020125,5.543111817,6.707940505,7.631672719,8.319374498,8.787994550,9.057471176,9.143096601,9.050535801,8.774188258,8.299059738,7.605887068,6.678748740,5.513723087,4.126494805,2.556554678,0.8661824449,989.6538828,986.7389379,999.1338176,989.6257008,986.6198777,999.1059279,2000.000000,1000.000000
32.59239059707,0.4058223049,0.1012206283,-0.3212412727E-02,-0.3189720348E-02,0.8453717703,2.496568266,4.034271791,5.399152187,6.552377729,7.476596901,8.172341339,8.651385507,8.929112076,9.017774655,8.922011304,8.637348428,8.151895761,7.450947108,6.523678804,5.370564662,4.009656189,2.479797093,0.8394000916,989.6809440,986.8674624,999.1605999,989.6538828,986.7389379,999.1338176,2000.000000,1000.000000
34.60514819643,0.4183117896,0.1011953030,-0.3113420489E-02,-0.3091740392E-02,0.8193211814,2.421708211,3.919683171,5.257518727,6.397092534,7.319023067,8.019924537,8.506954605,8.791335330,8.882498397,8.784118574,8.492775229,7.999455727,7.293609642,6.368955376,5.229757373,3.895965214,2.405638118,0.8136158927,989.7069946,987.0053551,999.1863841,989.6809440,986.8674624,999.1605999,2000.000000,1000.000000
36.71854367577,0.4310239245,0.1011695299,-0.3017870381E-02,-0.2997158552E-02,0.7941764160,2.349202682,3.807930662,5.117953444,6.241965542,7.158974911,7.862244680,8.354861681,8.644303748,8.737426919,8.637019157,8.340625145,7.841854166,7.133890362,6.214451433,5.091038492,3.785097355,2.333809468,0.7887259346,989.7321394,987.1524545,999.2112741,989.7069946,987.0053551,999.1863841,2000.000000,1000.000000
38.93760892907,0.4439632459,0.1011433006,-0.2925381416E-02,-0.2905596910E-02,0.7698372148,2.278790413,3.698691440,4.980184260,6.086852853,6.996456406,7.699424887,8.195300697,8.488241348,8.582790802,8.480934911,8.181087476,7.679207081,6.971784856,6.060015661,4.954131603,3.676729023,2.264051109,0.7646307657,989.7564786,987.3085388,999.2353692,989.7321394,987.1524545,999.2112741,2000.000000,1000.000000
41.26762744503,0.4571331667,0.1011166088,-0.2835588487E-02,-0.2816693117E-02,0.7462074966,2.210218406,3.591645794,4.843930860,5.931594147,6.831459120,7.531594335,8.028498179,8.323427633,8.418884874,8.316142458,8.014383049,7.511635721,6.807276057,5.905480549,4.818752378,3.570539852,2.196111174,0.7412350308,989.7801083,987.4733312,999.2587650,989.7564786,987.3085388,999.2353692,2000.000000,1000.000000
43.71414688679,0.4705357933,0.1010894509,-0.2748142172E-02,-0.2730100239E-02,0.7231953083,2.143242596,3.486480146,4.708910861,5.776020794,6.663969437,7.358891714,7.854711548,8.150191667,8.246060698,8.142967434,7.840762814,7.339270285,6.640341591,5.750670502,4.684614692,3.466215687,2.129746635,0.7184474313,989.8031205,987.6465063,999.2815526,989.7801083,987.4733312,999.2587650,2000.000000,1000.000000
46.28299230064,0.4841717315,0.1010618265,-0.2662709612E-02,-0.2645487667E-02,0.7007130557,2.077629155,3.382890651,4.574846191,5.619963809,6.493975506,7.181468484,7.674227385,7.968906155,8.064719088,7.961778729,7.660506362,7.162253403,6.470960852,5.595409815,4.551436964,3.363452161,2.064724607,0.6961809651,989.8256027,987.8276950,999.3038190,989.8031205,987.6465063,999.2815526,2000.000000,1000.000000
48.98027998519,0.4980398878,0.1010337386,-0.2578976248E-02,-0.2562542883E-02,0.6786779599,2.013156304,3.280587217,4.441469512,5.463261512,6.321473771,6.999491856,7.487359674,7.779981730,7.875302918,7.772982933,7.473920404,6.980743335,6.299121655,5.439530360,4.418948568,3.261958698,2.000824172,0.6743533903,989.8476378,988.0164908,999.3256466,989.8256027,987.8276950,999.3038190,2000.000000,1000.000000
51.81243205396,0.5121372702,0.1010051939,-0.2496648177E-02,-0.2480973838E-02,0.6570126781,1.949616476,3.179297749,4.308530541,5.305766743,6.146474973,6.813147452,7.294448105,7.583861613,7.678290417,7.577019128,7.281337281,6.794916820,6.124826353,5.282878830,4.286896140,3.161462759,1.937838550,0.6528878520,989.8693031,988.2124546,999.3471121,989.8476378,988.0164908,999.3256466,2000.000000,1000.000000
54.78619172617,0.5264587975,0.1009762035,-0.2415454888E-02,-0.2400511710E-02,0.6356460233,1.886818662,3.078772432,4.175802051,5.147353485,5.969009533,6.622641633,7.095856483,7.381016780,7.474189121,7.374354175,7.083113551,6.604971580,5.948097333,5.125323410,4.155049583,3.061714115,1.875577450,0.6317136078,989.8906698,988.4151195,999.3682864,989.8693031,988.2124546,999.3471121,2000.000000,1000.000000
57.90863938198,0.5409971196,0.1009467829,-0.2335152125E-02,-0.2320913783E-02,0.6145137171,1.824590781,2.978787822,4.043085398,4.987922779,5.789132276,6.428203485,6.891971301,7.171941745,7.263530606,7.165478595,6.879628725,6.411128447,5.768981824,4.966759726,4.023207606,2.962488950,1.813869452,0.6107667851,989.9118021,988.6239951,999.3892332,989.8906698,988.4151195,999.3682864,2000.000000,1000.000000
61.18720942059,0.5557424584,0.1009169528,-0.2255524640E-02,-0.2241966223E-02,0.5935591157,1.762781901,2.879150573,3.910215388,4.827407826,5.606926422,6.230086487,6.683200545,6.957151006,7.046866069,6.950903093,6.671284187,6.213633155,5.587555987,4.807115987,3.891202600,2.863593593,1.752564231,0.5899911112,989.9327567,988.8385706,999.4100089,989.9118021,988.6239951,999.3892332,2000.000000,1000.000000
64.62970796114,0.5706824723,0.1008867387,-0.2176388639E-02,-0.2163486525E-02,0.5727338523,1.701264185,2.779700627,3.777064363,4.665778195,5.422506860,6.028569866,6.469972727,6.737176209,6.824762780,6.731155789,6.458502327,6.012757788,5.403928235,4.646357227,3.758904739,2.764867714,1.691534512,0.5693385592,989.9535819,989.0583179,999.4306614,989.9327567,988.8385706,999.4100089,2000.000000,1000.000000
68.24433142870,0.5858021503,0.1008561715,-0.2097593743E-02,-0.2085325494E-02,0.5519983533,1.639934432,2.680313718,3.643545379,4.503043080,5.236022669,5.823959653,6.252736171,6.512564005,6.597801415,6.506780112,6.241725896,5.808801894,5.218241812,4.484488582,3.626225169,2.666186836,1.630677626,0.5487698669,989.9743174,989.2826936,999.4512301,989.9535819,989.0583179,999.4306614,2000.000000,1000.000000
72.03968606965,0.6010837394,0.1008252879,-0.2019024335E-02,-0.2007368600E-02,0.5313221934,1.578715154,2.580903117,3.509614434,4.339253585,5.047658895,5.616589439,6.031958542,6.283874564,6.366574182,6.278333344,6.021417570,5.602093292,5.030676590,4.321557589,3.493118236,2.567464085,1.569916576,0.5282548948,989.9949936,989.5111403,999.4717451,989.9743174,989.2826936,999.4512301,2000.000000,1000.000000
76.02480844264,0.6165067085,0.1007941296,-0.1940600230E-02,-0.1929536653E-02,0.5106842710,1.517555112,2.481420554,3.375271690,4.174504038,4.857637604,5.406820835,5.808126542,6.051680655,6.131683677,6.046385714,5.798059673,5.392988537,4.841450133,4.157655499,3.359582717,2.468651118,1.509200593,0.5077728035,990.0156315,989.7430880,999.4922272,989.9949936,989.5111403,999.4717451,2000.000000,1000.000000
80.20918693429,0.6320477513,0.1007627443,-0.1862276621E-02,-0.1851785758E-02,0.4900727949,1.456429318,2.381856316,3.240561729,4.008932350,4.666218224,5.195043610,5.581745748,5.816567205,5.893742315,5.811519952,5.572154006,5.181873056,4.650818022,3.992917628,3.225662059,2.369738210,1.448505131,0.4873120416,990.0362430,989.9779537,999.5126880,990.0156315,989.7430880,999.4922272,2000.000000,1000.000000
84.60278435051,0.6476808294,0.1007311849,-0.1784043327E-02,-0.1774106568E-02,0.4694850861,1.395338503,2.282238539,3.105572858,3.842719488,4.473697198,4.981675493,5.353340477,5.579131168,5.653372207,5.574331153,5.344221693,4.969160919,4.459073481,3.827522802,3.091443678,2.270753557,1.387831340,0.4668701494,990.0568307,990.2151425,999.5331299,990.0362430,989.9779537,999.5126880,2000.000000,1000.000000
89.21606163755,0.6633772575,0.1006995096,-0.1705923387E-02,-0.1696522878E-02,0.4489272072,1.334308092,2.182631775,2.970435577,3.676088103,4.280406985,4.767161598,5.123453589,5.339981577,5.411205285,5.335426806,5.114802946,4.755294224,4.266546340,3.661691955,2.957057403,2.171761824,1.327205043,0.4464533889,990.0773886,990.4540469,999.5535466,990.0568307,990.2151425,999.5331299,2000.000000,1000.000000
94.06000278894,0.6791058286,0.1006677815,-0.1627971076E-02,-0.1619089646E-02,0.4284134412,1.273386754,2.083134908,2.835320262,3.509300419,4.086714443,4.551973452,4.892646112,5.099739596,5.167883491,5.095426817,4.884456649,4.540742060,4.073601353,3.495685970,2.822673133,2.072862051,1.266675276,0.4260762227,990.0979023,990.6940469,999.5739238,990.0773886,990.4540469,999.5535466,2000.000000,1000.000000
99.14614099789,0.6948329815,0.1006360684,-0.1550269437E-02,-0.1541890526E-02,0.4079656414,1.212644578,1.983878512,2.700434209,3.342655443,3.893018616,4.336607558,4.661496590,4.859038408,4.924058858,4.854963367,4.653759639,4.325999012,3.880635930,3.329802846,2.688497856,1.974185006,1.206312473,0.4057606648,990.1183501,990.9345103,999.5942393,990.0979023,990.6940469,999.5739238,2000.000000,1000.000000
104.4865861173,0.7105230087,0.1006044424,-0.1472927434E-02,-0.1465035019E-02,0.3876124827,1.152170967,1.885021777,2.566018128,3.176485600,3.699747970,4.121583496,4.430600018,4.618522768,4.680393279,4.614680437,4.423305594,4.111583183,3.688077300,3.164374278,2.554772103,1.875890093,1.146206349,0.3855355314,990.1387033,991.1747932,999.6144645,990.1183501,990.9345103,999.5942393,2000.000000,1000.000000
110.0940534927,0.7261383036,0.1005729791,-0.1396076827E-02,-0.1388655346E-02,0.3673886386,1.092072317,1.786749096,2.432342202,3.011152880,3.507357112,3.907441491,4.200566295,4.378848092,4.437557805,4.375232848,4.193703412,3.898033690,3.496379162,2.999761743,2.421765977,1.778161915,1.086463573,0.3654356174,990.1589272,991.4142408,999.6345644,990.1387033,991.1747932,999.6144645,2000.000000,1000.000000
115.9818942368,0.7416396457,0.1005417575,-0.1319868854E-02,-0.1312903133E-02,0.3473339090,1.032469548,1.689266400,2.299701817,2.847044551,3.316323016,3.694739441,3.972018088,4.140678936,4.196231348,4.137284716,3.965575020,3.685907621,3.306017836,2.836352169,2.289774849,1.681206607,1.027205301,0.3455008244,990.1789819,991.6521890,999.6544992,990.1589272,991.4142408,999.6345644,2000.000000,1000.000000
122.1641270182,0.7569865243,0.1005108587,-0.1244470821E-02,-0.1237945992E-02,0.3274923214,0.9734955420,1.592797343,2.168413032,2.684568535,3.127140786,3.484049393,3.745588053,3.904686779,3.957098657,3.901507200,3.739552535,3.475776436,3.117487967,2.674553251,2.159114799,1.585247999,0.9685646104,0.3257752611,990.1988235,991.8879665,999.6742247,990.1789819,991.6521890,999.6544992,2000.000000,1000.000000
128.6554714386,0.7721374956,0.1004803659,-0.1170062638E-02,-0.1163964066E-02,0.3079112206,0.9152925563,1.497579388,2.038807885,2.524148481,2.940318999,3.275953440,3.521915378,3.671547048,3.720847509,3.668575492,3.516274758,3.268221809,2.931297806,2.514788485,2.030117887,1.490523691,0.9106839002,0.3063063331,990.2184046,992.1208982,999.6936937,990.1988235,991.8879665,999.6742247,2000.000000,1000.000000
135.4713830800,0.7870505736,0.1004503631,-0.1096833374E-02,-0.1091146575E-02,0.2886403615,0.8580096164,1.403859859,1.911229572,2.366218603,2.756374648,3.071039077,3.301641630,3.441935352,3.488165087,3.439165032,3.296382970,3.063830925,2.747964101,2.357491964,1.903127315,1.397281092,0.8537122925,0.2871438356,990.2376754,992.3503087,999.7128562,990.2184046,992.1208982,999.6936937,2000.000000,1000.000000
142.6280903035,0.8016836515,0.1004209344,-0.1024977856E-02,-0.1019688426E-02,0.2697310146,0.8017999427,1.311891981,1.786027545,2.211218314,2.575827732,2.869894020,3.085405925,3.216522939,3.259733532,3.213946938,3.080516066,2.863191254,2.568006645,2.203102977,1.778492502,1.305773458,0.7978030533,0.2683390594,990.2565848,992.5755267,999.7316609,990.2376754,992.3503087,999.7128562,2000.000000,1000.000000
150.1426328882,0.8159949491,0.1003921633,-0.9546933357E-03,-0.9497868747E-03,0.2512350883,0.7468184141,1.221930958,1.663552579,2.059586703,2.399195521,2.673100551,2.873839464,2.995971413,3.036224733,2.993582708,2.869305063,2.666884864,2.391942512,2.052060470,1.656564142,1.216255961,0.7431110576,0.2499439144,990.2750807,992.7958910,999.7500561,990.2565848,992.5755267,999.7316609,2000.000000,1000.000000
158.0329026022,0.8299434826,0.1003641313,-0.8861762422E-03,-0.8816382888E-03,0.2332042743,0.6932190852,1.134230087,1.544151827,1.911756898,2.226986578,2.481229437,2.667559507,2.780926797,2.818294418,2.778718269,2.663367053,2.475482313,2.220280054,1.904797388,1.537689251,1.128981810,0.6897903101,0.2320100760,990.2931115,993.0107554,999.7679899,990.2750807,992.7958910,999.7500561,2000.000000,1000.000000
166.3176858018,0.8434895507,0.1003369176,-0.8196190262E-03,-0.8154350000E-03,0.2156892174,0.6411527665,1.049036949,1.428163899,1.768150363,2.059694574,2.294833523,2.467162897,2.572013044,2.606575671,2.569977480,2.463298706,2.289536223,2.053512705,1.761734968,1.422206246,1.044198439,0.6379915304,0.2145881579,990.3106266,993.2194962,999.7854118,990.2931115,993.0107554,999.7679899,2000.000000,1000.000000
175.0167081614,0.8565952315,0.1003105973,-0.7552071155E-03,-0.7513622692E-03,0.1987387146,0.5907646789,0.9665896839,1.315914001,1.629171179,1.897791994,2.114441085,2.273219223,2.369825137,2.401672010,2.367955228,2.269669434,2.109574635,1.892112680,1.623277026,1.310440092,0.9621437948,0.5878598137,0.1977269130,990.3275771,993.4215185,999.8022731,990.3106266,993.2194962,999.7854118,2000.000000,1000.000000
184.1506816390,0.8692248804,0.1002852413,-0.6931159901E-03,-0.6895953745E-03,0.1823989448,0.5421921931,0.8871133761,1.207709181,1.495200395,1.741723822,1.940549074,2.086263815,2.174921929,2.204150188,2.173210269,2.083014379,1.936094247,1.736524674,1.489804307,1.202697557,0.8830427343,0.5395323804,0.1814724670,990.3439168,993.6162634,999.8185275,990.3275771,993.4215185,999.8022731,2000.000000,1000.000000
193.7413537904,0.8813456222,0.1002609146,-0.6335083991E-03,-0.6302968428E-03,0.1667127366,0.4955626744,0.8108165951,1.103833733,1.366590502,1.591901320,1.773616400,1.906790681,1.987818919,2.014532908,1.986258001,1.903827361,1.769553705,1.587159638,1.361668982,1.099262634,0.8071035779,0.4931364300,0.1658675902,990.3596031,993.8032157,999.8341324,990.3439168,993.6162634,999.8185275,2000.000000,1000.000000
203.8115595494,0.8929278250,0.1002376757,-0.5765317471E-03,-0.5736138517E-03,0.1517188808,0.4509914524,0.7378881200,1.004544827,1.243660150,1.448696016,1.614057376,1.735245612,1.808981141,1.833291647,1.807563359,1.732553983,1.610367067,1.444388798,1.239189380,1.000392189,0.7345148520,0.4487871238,0.1509510136,990.3745969,993.9819103,999.8490490,990.3596031,993.8032157,999.8341324,2000.000000,1000.000000
214.3852755964,0.9039455474,0.1002155756,-0.5223156836E-03,-0.5196758361E-03,0.1374514957,0.4085799468,0.6684939060,0.9100684419,1.126689202,1.312434044,1.462235533,1.572019607,1.638816374,1.660839800,1.637534033,1.569585072,1.458897622,1.308538005,1.122645062,0.9063119125,0.6654422737,0.4065857218,0.1367567990,990.3888643,994.1519397,999.8632432,990.3745969,993.9819103,999.8490490,2000.000000,1000.000000
225.4876774458,0.9143769454,0.1001946574,-0.4709699361E-03,-0.4685923379E-03,0.1239394569,0.3684139797,0.6027743471,0.8205956791,1.015914230,1.183390982,1.318457927,1.417442833,1.477668888,1.497526357,1.476514219,1.415250652,1.315452230,1.179882596,1.012272345,0.8172126636,0.6000260320,0.3666179088,0.1233137731,990.4023763,994.3129595,999.8766862,990.3888643,994.1519397,999.8632432,2000.000000,1000.000000
237.1451993876,0.9242046278,0.1001749548,-0.4225824326E-03,-0.4204511453E-03,0.1112059033,0.3305623127,0.5408418977,0.7362795575,0.9115245888,1.061787320,1.182970158,1.271779300,1.325813929,1.343630324,1.324779109,1.269814631,1.180276344,1.058642890,0.9082603994,0.7332472800,0.5383784288,0.3289523430,0.1106450382,990.4151099,994.4646946,999.8893550,990.4023763,994.3129595,999.8766862,2000.000000,1000.000000
249.3855974265,0.9334159500,0.1001564924,-0.3772177611E-03,-0.3753167673E-03,0.9926783187E-01,0.2950754447,0.4827791182,0.6572323715,0.8136591771,0.9477847258,1.055952230,1.135222455,1.183453141,1.199356092,1.182530323,1.133470407,1.053549901,0.9449804663,0.8107480254,0.6545279603,0.4805819412,0.2936394660,0.9876757033E-01,990.4270480,994.6069434,999.9012324,990.4151099,994.4646946,999.8893550,2000.000000,1000.000000
262.2380153673,0.9420032327,0.1001392847,-0.3349160127E-03,-0.3332292901E-03,0.8813579282E-01,0.2619847102,0.4286372056,0.5835237049,0.7224039951,0.8414832206,0.9375154433,1.007891848,1.050711108,1.064829940,1.049892456,1.006337549,0.9353842207,0.8389953681,0.7198212398,0.5811242968,0.4266877685,0.2607106107,0.8769191845E-01,990.4381800,994.7395812,999.9123081,990.4270480,994.6069434,999.9012324,2000.000000,1000.000000
275.7330542052,0.9499638982,0.1001233360,-0.2956920515E-03,-0.2942036587E-03,0.7781369776E-01,0.2313017093,0.3784350677,0.5151791794,0.6377906100,0.7429194096,0.8277004252,0.8898310430,0.9276331858,0.9400978416,0.9269109117,0.8884597154,0.8258200584,0.7407243438,0.6355117533,0.5130620394,0.3767149180,0.2301774399,0.7742201546E-01,990.4485021,994.8625628,999.9225780,990.4381800,994.7395812,999.9123081,2000.000000,1000.000000
289.9028449849,0.9573005152,0.1001086405,-0.2595352476E-03,-0.2582294179E-03,0.6829874936E-01,0.2030181007,0.3321589865,0.4521800033,0.5597956058,0.6520658503,0.7264764458,0.7810068819,0.8141847410,0.8251246981,0.8135511533,0.7798039256,0.7248269263,0.6501402296,0.5577964347,0.4503226563,0.3306498793,0.2020317456,0.6795510996E-01,990.4580170,994.9759225,999.9320449,990.4485021,994.8625628,999.9225780,2000.000000,1000.000000
304.7811253037,0.9640207463,0.1000951820,-0.2264096997E-03,-0.2252709398E-03,0.5958149993E-01,0.1771057760,0.2897629068,0.3944633684,0.4883410803,0.5688316394,0.6337420767,0.6813102032,0.7102519071,0.7197951074,0.7096994548,0.6802612857,0.6323037597,0.5671525442,0.4865978157,0.3928437383,0.2884469181,0.1762456275,0.5928182626E-01,990.4667343,995.0797742,999.9407182,990.4580170,994.9759225,999.9320449,2000.000000,1000.000000
320.4033196384,0.9701371965,0.1000829347,-0.1962549601E-03,-0.1952681512E-03,0.5164604212E-01,0.1535174275,0.2511693664,0.3419237190,0.4232962209,0.4930642526,0.5493272457,0.5905580555,0.6156438940,0.6239157066,0.6151652153,0.5896492021,0.5480809756,0.4916093312,0.4217856700,0.3405202711,0.2500290091,0.1527720618,0.5138635558E-01,990.4746697,995.1743085,999.9486136,990.4667343,995.0797742,999.9407182,2000.000000,1000.000000
336.8066236898,0.9756671606,0.1000718634,-0.1689872598E-03,-0.1681377574E-03,0.4447033154E-01,0.1321875076,0.2162710663,0.2944148918,0.3644799554,0.4245526357,0.4729966840,0.5084974065,0.5300968580,0.5372190956,0.5296848270,0.5077150902,0.4719239174,0.4233002487,0.3631796621,0.2932067726,0.2152894047,0.1315458598,0.4424677825E-01,990.4818455,995.2597889,999.9557532,990.4746697,995.1743085,999.9486136,2000.000000,1000.000000
354.0300929438,0.9806322763,0.1000619244,-0.1445012177E-03,-0.1437749459E-03,0.3802663623E-01,0.1130335647,0.1849330579,0.2517530938,0.3116646410,0.3630315033,0.4044547179,0.4348102955,0.4532792745,0.4593692836,0.4529270466,0.4341415224,0.4035376413,0.3619608616,0.3105530293,0.2507202652,0.1840938167,0.1124850006,0.3783551208E-01,990.4882892,995.3365466,999.9621645,990.4818455,995.2597889,999.9557532,2000.000000,1000.000000
372.1147356605,0.9850580862,0.1000530660,-0.1226719947E-03,-0.1220555343E-03,0.3228210387E-01,0.9595792944E-01,0.1569955016,0.2137206584,0.2645807146,0.3081867561,0.3433513045,0.3691203238,0.3847987052,0.3899685479,0.3844997584,0.3685527122,0.3425729427,0.3072780473,0.2636372206,0.2128440208,0.1562831664,0.9549231118E-01,0.3211987746E-01,990.4940337,995.4049739,999.9678801,990.4882892,995.3365466,999.9621645,2000.000000,1000.000000
391.1036105131,0.9889735229,0.1000452300,-0.1033578439E-03,-0.1028385090E-03,0.2719943261E-01,0.8084970887E-01,0.1322769291,0.1800704865,0.2229221900,0.2596618851,0.2892891671,0.3110003259,0.3242097957,0.3285655394,0.3239579672,0.3105221759,0.2886334787,0.2588963858,0.2221273788,0.1793319871,0.1316768348,0.8045745303E-01,0.2706276553E-01,990.4991164,995.4655157,999.9729372,990.4940337,995.4049739,999.9678801,2000.000000,1000.000000
411.0419291082,0.9924103282,0.1000383525,-0.8640298448E-04,-0.8596888711E-04,0.2273762750E-01,0.6758703461E-01,0.1105779215,0.1505310529,0.1863528567,0.2170651904,0.2418318374,0.2599810148,0.2710232878,0.2746644167,0.2708128047,0.2595813664,0.2412837950,0.2164253598,0.1856885198,0.1499137776,0.1100763271,0.6725916099E-01,0.2262339134E-01,990.5035782,995.5186609,999.9773766,990.4991164,995.4655157,999.9729372,2000.000000,1000.000000
431.9771636331,0.9954024241,0.1000323655,-0.7164071873E-04,-0.7128081960E-04,0.1885282072E-01,0.5603950094E-01,0.9168509827E-01,0.1248118359,0.1545129989,0.1799776071,0.2005123735,0.2155603539,0.2247157892,0.2277347473,0.2245412925,0.2152290325,0.2000580263,0.1794471604,0.1539622308,0.1243000795,0.9126924430E-01,0.5576767062E-01,0.1875811042E-01,990.5074630,995.5649324,999.9812419,990.5035782,995.5186609,999.9773766,2000.000000,1000.000000
453.9591598843,0.9979852546,0.1000271978,-0.5889669806E-04,-0.5860084170E-04,0.1549913107E-01,0.4607071927E-01,0.7537529523E-01,0.1026090039,0.1270264358,0.1479609048,0.1648424931,0.1772133745,0.1847400079,0.1872218793,0.1845965690,0.1769410226,0.1644690100,0.1475248636,0.1265736867,0.1021883206,0.7503344473E-01,0.4584726117E-01,0.1542127413E-01,990.5108167,995.6048771,999.9845787,990.5074630,995.5649324,999.9812419,2000.000000,1000.000000
477.0402559480,1.000195117,0.1000227765,-0.4799223713E-04,-0.4775117136E-04,0.1262953609E-01,0.3754091039E-01,0.6141980562E-01,0.8361118793E-01,0.1035076650,0.1205660063,0.1343218409,0.1444021379,0.1505351367,0.1525574652,0.1504182664,0.1441802320,0.1340175346,0.1202107271,0.1031387703,0.8326841766E-01,0.6114126611E-01,0.3735883590E-01,0.1256609773E-01,990.5136863,995.6390554,999.9874339,990.5108167,995.6048771,999.9845787,2000.000000,1000.000000
501.2754068149,1.002068507,0.1000190287,-0.3874757354E-04,-0.3855295322E-04,0.1019672988E-01,0.3030945402E-01,0.4958855055E-01,0.6750515748E-01,0.8356888905E-01,0.9734117086E-01,0.1084471030,0.1165855322,0.1215370649,0.1231698113,0.1214427148,0.1164063860,0.1082014335,0.9705434919E-01,0.8327107381E-01,0.6722843146E-01,0.4936367822E-01,0.3016245977E-01,0.1014551400E-01,990.5161191,995.6680310,999.9898545,990.5136863,995.6390554,999.9874339,2000.000000,1000.000000
526.7223152252,1.003641491,0.1000158820,-0.3098497240E-04,-0.3082934801E-04,0.8153940106E-02,0.2423731710E-01,0.3965405118E-01,0.5398122722E-01,0.6682670595E-01,0.7783978583E-01,0.8672068701E-01,0.9322860283E-01,0.9718810489E-01,0.9849373421E-01,0.9711266183E-01,0.9308535582E-01,0.8652424678E-01,0.7761043902E-01,0.6658856750E-01,0.5375995105E-01,0.3947423753E-01,0.2411977628E-01,0.8112986317E-02,990.5181618,995.6923610,999.9918870,990.5161191,995.6680310,999.9898545,2000.000000,1000.000000
553.4415690560,1.004949130,0.1000132662,-0.2453158274E-04,-0.2440837495E-04,0.6455679669E-02,0.1918928786E-01,0.3139508334E-01,0.4273823080E-01,0.5290826615E-01,0.6162753666E-01,0.6865870793E-01,0.7381113670E-01,0.7694594001E-01,0.7797962876E-01,0.7688621317E-01,0.7369773059E-01,0.6850318934E-01,0.6144596589E-01,0.5271973449E-01,0.4256304815E-01,0.3125272571E-01,0.1909623104E-01,0.6423256567E-02,990.5198601,995.7125875,999.9935767,990.5181618,995.6923610,999.9918870,2000.000000,1000.000000
581.4967855783,1.006024974,0.1000111141,-0.1922196464E-04,-0.1912542648E-04,0.5058411748E-02,0.1503595251E-01,0.2459991088E-01,0.3348792155E-01,0.4145671889E-01,0.4828874954E-01,0.5379805353E-01,0.5783525651E-01,0.6029154063E-01,0.6110149066E-01,0.6024474320E-01,0.5774639997E-01,0.5367620057E-01,0.4814648365E-01,0.4130899849E-01,0.3335066008E-01,0.2448836857E-01,0.1496303895E-01,0.5033006969E-02,990.5212574,995.7292289,999.9949670,990.5198601,995.7125875,999.9935767,2000.000000,1000.000000
610.9547629267,1.006900631,0.1000093626,-0.1490022223E-04,-0.1482539066E-04,0.3921111113E-02,0.1165536347E-01,0.1906901461E-01,0.2595868662E-01,0.3213580916E-01,0.3743174479E-01,0.4170234722E-01,0.4483183029E-01,0.4673584539E-01,0.4736368705E-01,0.4669957093E-01,0.4476295415E-01,0.4160789414E-01,0.3732146861E-01,0.3202130469E-01,0.2585228904E-01,0.1898255289E-01,0.1159884460E-01,0.3901418595E-02,990.5223947,995.7427741,999.9960986,990.5212574,995.7292289,999.9949670,2000.000000,1000.000000
641.8856391426,1.007605423,0.1000079528,-0.1142169678E-04,-0.1136433596E-04,0.3005709679E-02,0.8934363645E-02,0.1461725851E-01,0.1989849516E-01,0.2463352650E-01,0.2869308591E-01,0.3196668095E-01,0.3436555865E-01,0.3582506404E-01,0.3630633042E-01,0.3579725884E-01,0.3431276349E-01,0.3189428037E-01,0.2860855640E-01,0.2454575573E-01,0.1981693837E-01,0.1455098299E-01,0.8891040148E-02,0.2990614726E-02,990.5233101,995.7536764,999.9970094,990.5223947,995.7427741,999.9960986,2000.000000,1000.000000
674.3630591692,1.008166143,0.1000068313,-0.8654195500E-05,-0.8610733908E-05,0.2277419868E-02,0.6769547484E-02,0.1107546170E-01,0.1507703768E-01,0.1866475274E-01,0.2174066286E-01,0.2422104947E-01,0.2603866609E-01,0.2714452502E-01,0.2750917788E-01,0.2712345758E-01,0.2599866423E-01,0.2416619291E-01,0.2167661635E-01,0.1859825029E-01,0.1501524335E-01,0.1102524567E-01,0.6736721834E-02,0.2265982607E-02,990.5240384,995.7623502,999.9977340,990.5233101,995.7536764,999.9970094,2000.000000,1000.000000
708.4643501972,1.008606901,0.1000059497,-0.6478753124E-05,-0.6446217003E-05,0.1704935033E-02,0.5067856628E-02,0.8291372763E-02,0.1128705190E-01,0.1397290277E-01,0.1627560253E-01,0.1813247813E-01,0.1949318795E-01,0.2032105929E-01,0.2059404681E-01,0.2030528795E-01,0.1946324207E-01,0.1809141181E-01,0.1622765645E-01,0.1392311807E-01,0.1124079171E-01,0.8253780223E-02,0.5043282781E-02,0.1696372896E-02,990.5246109,995.7691684,999.9983036,990.5240384,995.7623502,999.9977340,2000.000000,1000.000000
744.2707057765,1.008949061,0.1000052653,-0.4789944654E-05,-0.4765889881E-05,0.1260511751E-02,0.3746824457E-02,0.6130069589E-02,0.8344866803E-02,0.1033059752E-01,0.1203305220E-01,0.1340589516E-01,0.1441190777E-01,0.1502397715E-01,0.1522580479E-01,0.1501231707E-01,0.1438976815E-01,0.1337553396E-01,0.1199760461E-01,0.1029379057E-01,0.8310665566E-02,0.6102276518E-02,0.3728656404E-02,0.1254181548E-02,990.5250553,995.7744614,999.9987458,990.5246109,995.7691684,999.9983036,2000.000000,1000.000000
781.8673791349,1.009211261,0.1000047409,-0.3495786137E-05,-0.3478230651E-05,0.9199437201E-03,0.2734498427E-02,0.4473832173E-02,0.6090229149E-02,0.7539448917E-02,0.8781928586E-02,0.9783851813E-02,0.1051805605E-01,0.1096475410E-01,0.1111205115E-01,0.1095624446E-01,0.1050189835E-01,0.9761693899E-02,0.8756058562E-02,0.7512586794E-02,0.6065268688E-02,0.4453548451E-02,0.2721239152E-02,0.9153238554E-03,990.5253958,995.7785174,999.9990847,990.5250553,995.7744614,999.9987458,2000.000000,1000.000000
821.3438861611,1.009409508,0.1000043443,-0.2517275980E-05,-0.2504634534E-05,0.6624410473E-03,0.1969081229E-02,0.3221555415E-02,0.4385503950E-02,0.5429069834E-02,0.6323764380E-02,0.7045236963E-02,0.7573928291E-02,0.7895589947E-02,0.8001656718E-02,0.7889462310E-02,0.7562293405E-02,0.7029281426E-02,0.6305135807E-02,0.5409726856E-02,0.4367530317E-02,0.3206949420E-02,0.1959533424E-02,0.6591143511E-03,990.5256533,995.7815842,999.9993409,990.5253958,995.7785174,999.9990847,2000.000000,1000.000000
862.7942185387,1.009557333,0.1000040487,-0.1787640524E-05,-0.1778663249E-05,0.4704317168E-03,0.1398340625E-02,0.2287783493E-02,0.3114359829E-02,0.3855446443E-02,0.4490812182E-02,0.5003164553E-02,0.5378613629E-02,0.5607040982E-02,0.5682364081E-02,0.5602689476E-02,0.5370351180E-02,0.4991833815E-02,0.4477583196E-02,0.3841710121E-02,0.3101595935E-02,0.2277411107E-02,0.1391560289E-02,0.4680692761E-03,990.5258454,995.7838710,999.9995319,990.5256533,995.7815842,999.9993409,2000.000000,1000.000000
906.3170675351,1.009665984,0.1000038314,-0.1251354204E-05,-0.1245070099E-05,0.3293037379E-03,0.9788429765E-03,0.1601455798E-02,0.2180061765E-02,0.2698824583E-02,0.3143582405E-02,0.3502230471E-02,0.3765045824E-02,0.3924945569E-02,0.3977671936E-02,0.3921899514E-02,0.3759262109E-02,0.3494298951E-02,0.3134322111E-02,0.2689209149E-02,0.2171127029E-02,0.1594195116E-02,0.9740967330E-03,0.3276500262E-03,990.5259865,995.7855518,999.9996723,990.5258454,995.7838710,999.9995319,2000.000000,1000.000000
952.0160589814,1.009744663,0.1000036740,-0.8630064268E-06,-0.8586725523E-06,0.2271069544E-03,0.6750668674E-03,0.1104456730E-02,0.1503496875E-02,0.1861265682E-02,0.2167996334E-02,0.2415340704E-02,0.2596593299E-02,0.2706869361E-02,0.2743232499E-02,0.2704768633E-02,0.2592604527E-02,0.2409870685E-02,0.2161609916E-02,0.1854634340E-02,0.1497334979E-02,0.1099449354E-02,0.6717935895E-03,0.2259664611E-03,990.5260887,995.7867689,999.9997740,990.5259865,995.7855518,999.9996723,2000.000000,1000.000000
1000.000000000,1.009800767,0.1000035618,-0.5860846202E-06,-0.5831414050E-06,0.1542327948E-03,0.4584511663E-03,0.7500582359E-03,0.1021054198E-02,0.1264021968E-02,0.1472328714E-02,0.1640305070E-02,0.1763397214E-02,0.1838287819E-02,0.1862982728E-02,0.1836861176E-02,0.1760688367E-02,0.1636590282E-02,0.1467991582E-02,0.1259518502E-02,0.1016869541E-02,0.7466576346E-03,0.4562282223E-03,0.1534582645E-03,990.5261616,995.7876368,999.9998465,990.5260887,995.7867689,999.9997740,2000.000000,1000.000000
